0,CombatZoneResize,133,251,508,391,TLResume,,,
0,HeartTeleport,320,376,,,,,,
0,HeartMode,1,,,,,,,
0,TLPause,,,,,,,,
0,PlatformRepeat,552,346,51,2,120,36,140,
0,PlatformRepeat,-20,306,51,0,120,36,160,
0,SET,Loop,12,,,,,,
0,SUB,Loop,$Loop,1,,,,,
0,RND,Y,3,,,,,,
0,MUL,Y,$Y,40,,,,,
0,ADD,Y,$Y,285,,,,,
0,GasterBlaster,0,0,0,73,$Y,0,0.56666,0.1
0,RND,Jump,3,,,,,,
0,ADD,Jump,$Jump,1,,,,,
0,JMPREL,$Jump,,,,,,,
0,JMPREL,3,,,,,,,
0,JMPREL,4,,,,,,,
0,JMPREL,5,,,,,,,
0,BoneV,517,257,45,2,120,,,
0,JMPABS,25,,,,,,,
0,BoneV,125,306,40,0,120,,,
0,JMPABS,25,,,,,,,
0,BoneV,517,349,35,2,120,,,
0,JMPABS,25,,,,,,,
0.7,RND,Y,3,,,,,,
0,MUL,Y,$Y,40,,,,,
0,ADD,Y,$Y,285,,,,,
0,GasterBlaster,0,640,0,563,$Y,180,0.56666,0.1
0,RND,Jump,3,,,,,,
0,ADD,Jump,$Jump,1,,,,,
0,JMPREL,$Jump,,,,,,,
0,JMPREL,3,,,,,,,
0,JMPREL,4,,,,,,,
0,JMPREL,5,,,,,,,
0,BoneV,517,257,45,2,120,,,
0,JMPABS,41,,,,,,,
0,BoneV,125,306,40,0,120,,,
0,JMPABS,41,,,,,,,
0,BoneV,517,349,35,2,120,,,
0,JMPABS,41,,,,,,,
0.7,JMPNZ,8,$Loop,,,,,,
0,EndAttack,,,,,,,,
